n,bf_time,bnb_time_avg
5,0.000010,0.000006000
6,0.000006,0.000005667
7,0.000021,0.000005000
8,0.000094,0.000011333
9,0.000639,0.000048667
10,0.005324,0.000095667
11,0.053115,0.000178333
12,0.605313,0.000214333
13,7.706000,0.000642667
14,105.621755,0.002435667
15,NA,0.013810333
16,NA,0.011212000
